ธนา,ทีที,thana_th666@gmail.com,0800728569,$2b$10$Zxz/yjWHyxC.DHLKKRt45OvmV8rd6AlNKhRnsQOx1Jhv8CIG5MxG6,male,2026-01-14 11:44:00.34315+07,2026-01-14 11:44:00.34315+07,public,11,ใช้งานอยู่,,
มีคุณ,มีจริงจริง,meekhun_mee202@gmail.com,0857434360,$2b$10$JGUB6ckKKiyUIMBeTO./M.fvJewYc2CYVp7ylkAFkXQmTj7Ri9Lna,male,2026-01-14 11:55:27.258897+07,2026-01-14 11:55:27.258897+07,public,12,ใช้งานอยู่,,
Ratchaneekorn,Chuadee,ratchaneekorn.c2000@gmail.com,0611174040,$2b$10$Bjao..RGHowuokOiki6pyODb1AGIenLfl7Z2wqSdaZK5Uchr5MQN.,female,2025-12-12 15:55:03.762213+07,2025-12-12 15:55:03.762213+07,,3,ใช้งานอยู่,,
สมชาย,ใจดี,somchai.jai200@gmail.com,061117920,$,male,2025-12-12 15:49:03.372256+07,2025-12-12 15:49:03.372256+07,,1,ใช้งานอยู่,,
สมบูรณ์,สุขใจ,somboon.sb020@gmail.com,0617298260,$,male,2025-12-12 15:53:31.759528+07,2025-12-12 15:53:31.759528+07,,2,ใช้งานอยู่,,
สมหญิง,จริงใจ,somying_sj00@gmail.com,0819207260,$,female,2025-12-15 08:35:46.869112+07,2025-12-15 08:35:46.869112+07,public,4,ใช้งานอยู่,,
มะลิซ้อน,สุขดี,mali_sorn002@gmail.com,0667004296,$,female,2025-12-15 08:41:33.199538+07,2025-12-15 08:41:33.199538+07,public,5,ใช้งานอยู่,,
malisorn,sukdee,mali_sorn002@gmailc.om,0667004296,$,female,2025-12-15 09:03:14.432218+07,2025-12-15 09:03:14.432218+07,public,6,ใช้งานอยู่,,
สมชัย,โชคดี,somchai_ch202@gmail.com,0927207460,$,male,2025-12-15 10:50:23.702909+07,2025-12-15 10:50:23.702909+07,public,7,ใช้งานอยู่,,
ratchaneekorn,chuadee,ratchaneekorn.ch200@gmail.com,0611174040,$2b$10$Ouqk/4aQxl/ncY7auMLo1.37ptsSQMwp897rdyGXdsvkgo4my0D3m,female,2025-12-15 15:51:57.782144+07,2025-12-15 15:51:57.782144+07,public,8,ใช้งานอยู่,,
สมสม,หญิงหญิง,somsom_y100@gmail.com,0523377334,$2b$10$fqT1P1z7/49um45ycBqNVeYxvc3scqHvr9un//VolVuQemAcUVctq,female,2025-12-16 09:53:03.943149+07,2025-12-16 09:53:03.943149+07,public,9,ใช้งานอยู่,,
สมบุญ,ใจดีดี,sombjai_deedee10@gmail.com,06720904433,$2b$10$8AHa0dCSEYWKhWUY90INnenaNvSI9jQKcxfcE9sdMtYmVNZEWTjFK,male,2025-12-16 10:46:54.203145+07,2025-12-16 10:46:54.203145+07,public,10,ใช้งานอยู่,,
